 Acerbi_J	m	Giuseppe Acerbi, Joseph Acerbi, Signor Acerbi	traveller, literary, naturalist, composer	http://viaf.org/viaf/12433231
 Adams_GP	m	George Pownoll Adams General Sir Knight Commander of Hanover (KCH), General Sir George Pownoll Adams, KCH	military	
 Addison_Joseph	m	Joseph Addison, Addison Joseph	writer, politician	
 Adolphus_JL	m	John Leycester Adolphus Adolphus John Leycester	legal, literary	http://viaf.org/viaf/15130330
 Aeschylus	m	Aeschylus	playwright	http://viaf.org/viaf/268526195
 Ainsworth	m	Ainsworth William Harrison	literary, novelist, journalist	http://viaf.org/viaf/46894596
 Albert_SaxeCbrg	m	Prince Albert of Saxe-Coburg and Gotha, Albert Prince Consort, Francis Albert Augustus Charles Emmanuel House of Saxe-Coburg and Gotha		http://viaf.org/viaf/25395950
 Alexander_I_Rus	m	Alexander I, Pavlovich Aleksandr	ruler	
 Alfieri_Vittorio	m	Alfieri Vittorio Count	playwright, literary	http://viaf.org/viaf/39389587
 Alfred	m	Alfred, Alfred the Great, King of England		http://viaf.org/viaf/10639246
 Allan_SrWm	m	Sir William Allan Allan William Sir	artist	http://viaf.org/viaf/74124260
 Anacreon	m	Anacreon	literary, poet	http://viaf.org/viaf/100165204
 Anne	f	Anne		
 Annesley_Francis	m	Annesley Francis	educator, politian	
 Antony	m	Mark Antony, Antony Mark, Marcus Antonius		http://viaf.org/viaf/88759462/
 Ariosto	m	Ludovico Arisoto	literary, poet, playwright, courtier, diplomat	 http://viaf.org/viaf/71386455
 Ashburton_Lord	m	Baring Alexander First Baron Ashburton		http://viaf.org/viaf/62290490
 Aubrey_John	m	John Aubrey	literary, antiquarian	http://viaf.org/viaf/71386625
 Austen_Jane	f	Jane Austen	literary, novelist	http://viaf.org/viaf/102333412
 Bacon	m	Francis Bacon, Sir Francis Bacon, Viscount St. Alban, knight, Attorney General of England and Wales, Lord Chancellor of England	philosopher, politician, legal, literary, orator, naturalist	http://viaf.org/viaf/31992319
 Baillie_Joanna	f	Baillie Joanna	literary	http://viaf.org/viaf/56750310
 Baldwin_R	m	Robert Baldwin	printer, bookseller, publisher	
 Bannister_Jack	m	Bannister John Jack	actor, theater manager	http://viaf.org/viaf/4054420
 Barrett_E	f	Barrett Browning Barrett Moulton-Barrett Elizabeth, Elizabeth Barrett, Elizabeth Barrett Browning	literary, poet	http://viaf.org/viaf/66464493
 Barrie_JM	m	Barrie James Matthew Sir, 1st Baronet of Adlephi Terrace Order of Merit Rector of the University of St. Andrews Chancellor of the University of Edinburgh	literary, playwright, novelist, journalist	http://viaf.org/viaf/64001320
 Barrow_John	m	Sir John Barrow, Barrow John	explorer, author	
 Bayley_Mrs	f	Mrs. Bayley		
 Bayley_P	m	Peter Bayley, Peter Bayley	legal, literary, playwright, poet	http://viaf.org/viaf/3828982
 Beaumont_Fr	m	Beaumont Francis	literary, playwright, poet	http://viaf.org/viaf/49333217
 Beaumont_Sir_Geo	m	Beaumont George Howland Sir Seventh Baronet member of Parliament for Bere Alston	amateur painter, art collector	http://viaf.org/viaf/69726932
 Beechey_W	m	William Beechey, Sir William Beechey, Member of the Royal Academy	artist	http://viaf.org/viaf/74124605
 Bell_Geo	m	Bell George	literary, publisher, bookseller, editor	
 Bellamy_John	m	John Bellamy	translator	
 Bennet_G	m	The Honourable Henry Grey Bennet, Bennet Henry Grey, Member of Parliament for Shrewsbury Fellow of the Royal Society Fellow of the Royal Geographic Society, Grey Bennet	government, military, legal	http://viaf.org/viaf/45836983
 Bennett_GJ	m	Bennett George John	actor	http://viaf.org/viaf/35287522
 Bennett_Wm_Cox	m	Bennett William Cox, William Cox Bennett	literary, watchmaker, journalist	http://viaf.org/viaf/23500401
 Bennoch_Fr	m	Bennoch Francis Esq.	literary patron, poet, merchant	http://viaf.org/viaf/70492830
 Bentley_R	m	Bentley Richard	literary, publisher, printer	http://viaf.org/viaf/30279325
 Berengaria	f	Berengaria of Navarre Queen Consort of England		http://viaf.org/viaf/265117591
 Beresford_James	m	James Beresford	literary, clergyman	http://viaf.org/viaf/60258142
 Berghem	m	Berchem Berghem Nicholaes Pieterszoon	artist, painter, printmaker	http://viaf.org/viaf/19951005
 Bess_of_Hardwick	f	Elizabeth Hardwick Barley Cavendish St. Loe Talbot Countess of Shrewsbury, Bess of Hardwick	courtier	http://viaf.org/viaf/5724328
 Bewick_Thos	m	Thomas Bewick, Thomas Bewick	artist, wood engraver, naturalist, literary	http://viaf.org/viaf/2629144
 Bewick_Wm	m	William Bewick, William Bewick	artist, portrait painter, history painter	http://viaf.org/viaf/19317711
 Bickerstaff_Is	m	Isaac John Bickerstaffe Bickerstaff	military, literary	http://viaf.org/viaf/17259955
 Bint_Hannah	f	Bint Hannah	unknown	
 Birkbeck_M	m	Morris Birkbeck	literary, politician, agricultural experimenter, pioneer	http://viaf.org/viaf/19849972
 Blackwood_Wm	m	Blackwood William	literary, publisher, editor	http://viaf.org/viaf/71247984
 Blake_Wm	m	William Blake	literary, artist, engraver	http://viaf.org/viaf/54144439
 Body_Ann	f	Body Ann	farmer	
 Body_Richard	m	Body Richard		
 Bohn_GH	m	Bohn George Henry	literary, publisher, bookseller, editor, auctioneer	http://viaf.org/viaf/12688740
 Bolinbroke	m	Henry St. John, Lord Bolinbroke, 1st Viscount Bolingbroke	politician	http://viaf.org/viaf/61539796
 Booth_Mr	m	Booth		
 Boswell	m	James Boswell, 9th Laird of Auchinlek	literary	http://viaf.org/viaf/64002337
 Bowles_Wm	m	Bowles William Lisle	clergy, poet, literary, antiquarian	http://viaf.org/viaf/696177
 Bradshaw_hist	m	John Bradshaw, John Bradshaw Bradshawe	legal, magistrate	http://viaf.org/viaf/58025849
 Brent_George	m	Brent George	innkeeper Three Mile Cross George and Dragon	
 Brent_Joel	m	Brent Joel	possibly beer retailer	
 Brent_Lizzy	f	Brent Eliza, Brent Lizzy		
 Broghill	m	Roger Boyle, Lord Broghill, Roger Boyle Lord Broghill Baron Boyle of Broghill 1st Earl of Orrerey member of Parliament for Arundel	playwright, literary, military, political	http://viaf.org/viaf/73979816
 Bromley_William	m	Bromley William	baker, shopkeeper in Three Mile Cross	
 Bronte_E	f	Bronte Emily Jane	literary, poet, novelist, governess	http://viaf.org/viaf/97097302
 Brooke_Miss	f	Miss Brooke Brooke		
 Brougham_H	m	Henry Peter Brougham, 1st Baron Brougham and Vaux, Lord Chancellor	legal, political	http://viaf.org/viaf/334592194
 Broughton_Betsy	f	Betsy Broughton		
 Brown_Benjamin	m	Brown Benjamin	blacksmith, postmaster at Three Mile Cross	
 Brown_Thos	m	Browne Thomas	medical, literary	http://viaf.org/viaf/61539796
 Browning_Rob	m	Robert Browning		http://viaf.org/viaf/24598774
 Bruce_James	m	James Bruce of Kinnaird, Bruce James	Traveller in Africa	
 Brumoy_Pierre	m	Brumoy Pierre Father	clergy, literary	http://viaf.org/viaf/24624020
 Brunton_Alexander	m	Alexander Brunton, Minister, Church of Scotland, Moderator of the General Assembly, Church of Scotland, Professor of Hebrew and Oriental Languages, University of Edinburgh, Professor Very Reverend Alexander Brunton, D.D.	clergy, scholar	
 Brunton_Mary	f	Mary Balfour Brunton	literary	http://viaf.org/viaf/34532515
 Brutus	m	Marcus Junius Brutus	assassin, rebel, republican, senator, politician, military, orator	http://viaf.org/viaf/63975332
 Bulley_F	m	Frederick Bulley, Bulley Frederick	academic	http://viaf.org/viaf/41568341
 Bullock_Wm	m	Bullock William	naturalist, antiquarian, goldsmith, jeweller, traveller, museum curator	http://viaf.org/viaf/17052870
 Bulwer_Lytton	m	Bulwer-Lytton Edward George Earle, 1st Baron Lytton of Knebworth Member of Parliament Rector of the University of Glasgow	literary, novelist, poet, playwright, politician	http://viaf.org/viaf/99871326
 Burdett_F	m	Sir Francis Burdett, Burdett Francis Sir 5th Baronet of Bramcote member of Parliament	government, politician	http://viaf.org/viaf/75338116
 Burgess	m	Mr. Burgess		
 Burke_E	m	Edmund Burke	literary, politician	http://viaf.org/viaf/100173535
 Burney_F	f	Frances Burney, Madamed’Arblay	literary	http://viaf.org/viaf/95297439
 Burney_SH	f	Sarah Harriet Burney, Miss Burney	literary	http://viaf.org/viaf/30359830
 Burns_Rob	m	Robert Burns	literary, poet, tax collector, farmer	http://viaf.org/viaf/32012434
 Butler_Mr	m	Butler	merchant	
 Butler_Sam	m	Samuel Butler	literary	http://viaf.org/viaf/64028293
 Byron	m	Byron George Gordon Noel sixth Baron Byron	literary	http://viaf.org/viaf/95230688
 Byron_Annab	f	Annabella Anne Isabella Milbanke Noel Byron, Baroness Byron, Baroness Wentworth, Baroness Noel-Byron, A. I. Noel Byron		http://viaf.org/viaf/67258879
 Campbell_Thos	m	Thomas Campbell		http://viaf.org/viaf/39510901
 Canning_George	m	George Canning, George Canning, Member of Parliament Prime Minister of the United Kingdom Chancellor of the Exchequer Secretary of State for Foreign Affairs Leader of the House of Commons President of the Board of Control Leader of the House of Commons Treasurer of the Navy	politician, ambassador, orator	http://viaf.org/viaf/7443935
 Cartwright_Maj	m	John Cartwright, , Royal Navy officer, Major, Nottinghamshire militia	political reformer, military	http://viaf.org/viaf/15552299
 Cassius	m	Gaius Cassius Longinus, Longius Gaius Cassius		http://viaf.org/viaf/25397785
 Castlereagh_RS	m	Robert Stewart Lord Castlereagh 2nd Marquess of Londonderry Secretary of State for Foreign Affairs Leader of the House of Commons Secretary of State for War and the Colonies President of the Board of Control Chief Secretary for Ireland	politician	http://viaf.org/viaf/15560591
 Cervantes	m	MigueldeCervantes Saavedra, Don Miguel de Cervantes Saavedra	literary, military, tax collector	http://viaf.org/viaf/17220427
 Chalmers_Alex	m	Alexander Chalmers	literary	http://viaf.org/viaf/20543801
 Chantrey_F	m	Francis Legatt Chantrey	artist, sculptor	http://viaf.org/viaf/121983436
 CharlesSpencer	m	Charles Spencer, Charles Spencer	critic	
 Chas_SpencerChurchill	m	Charles Spencer-Churchill, Lord Charles Spencer-Churchill, Member of Parliament	military, politician	
 ChasI	m	Charles Stuart Charles I King of England, Scotland, France and Ireland, Defender of the Faith, etc.	king	http://viaf.org/viaf/67750325
 ChasII	m	Charles Stuart, Charles II King of England, Scotland, France and Ireland, Defender of the Faith, etc.	king	http:http://viaf.org/viaf/3265477
 Chatfield_Mr	m	Edward Chatfield, Edward Chatfield	painter and author	http://viaf.org/viaf/96130441
 Chaucer	m	Geoffrey Chaucer	literary, philosopher, astronomer	http://viaf.org/viaf/100185203
 Chorley_HF	m	Chorley Fothergill Henry	literary, journalist, music critic	http://viaf.org/viaf/56757298
 Christie_JH	m	Jonathan Henry Christie John Henry Christie	literary	
 Clargo_Meremoth		Meremoth? Clargo?	shopkeeper	
 Clarke_ED	m	Edward Daniel Clarke, Dr. Clarke, Professor of Mineralogy at Cambridge University	traveller, literary, naturalist	http://viaf.org/viaf/15552626
 Clarke_William	m	Clarke William	baker, shopkeeper at Three Mile Cross	
 Clement6_Pope	m	Pope Clement 6, Roger Pierre	religion	
 Cobbett_Wm	m	Member of Parliament for Oldham		http://viaf.org/viaf/101963169
 Coffin_Mrs	f	Mrs.Coffin		
 Colburn	m	Colburn Henry	publisher, editor	http://viaf.org/viaf/90644401
 Colburn_H	m	Colburn Henry	literary, publisher, bookseller	http://viaf.org/viaf/90644401
 Coleridge_ST	m	Coleridge Samuel Taylor	literary	http://viaf.org/viaf/24599809
 Collins_little	m	Collins Thomas "little Collins"	actor	http://viaf.org/viaf/78974331
 Collins_Wm	m	William Collins	literary, poet	http://viaf.org/viaf/79091605
 Colman_the_Elder	m	George Colman the Elder, George Coleman George Colman the Elder	literary, playwright, essayist, theater manager	http://viaf.org/viaf/76330307
 Colman_the_Younger	m	Colman George the Younger the licenser		http://viaf.org/viaf/30345422
 Congreve_Wm	m	Congreve William	literary, playwright, poet	http://viaf.org/viaf/24616924
 Cook_CaptJ	m	James Cook, Cook James Captain	navigator, cartographer, captain	 http://viaf.org/viaf/31994819
 Cooper_Mr	m	Cooper		
 Corneille	m	Corneille Pierre	literary, playwright	http://viaf.org/viaf/41838293
 Cosway_Rich		Richard Cosway, Cosway Richard member of the Royal Academy	artist, painter, miniaturist	
 Coutts_HM	f	Harriot Mellon Coutts Beauclerk,Duchess of St. Albans	actor, banking	http://viaf.org/viaf/45757542
 Coutts_T	m	Thomas Coutts	banking	http://viaf.org/viaf/48221153
 Cowley_H	f	Hannah Cowley, Parkhouse Cowley Hannah	literary, playwright, poet	http://viaf.org/viaf/34730405
 Cowper	m	William Cowper	literary	http://viaf.org/viaf/32009788
 Cowslade_F	m	Francis Cowslade Frank, Frank Cowslade		
 Coxe_Wm	m	William Coxe Master of Arts Fellow of the Royal Society Fellow of the Society of Antiquaries Archdeacon of Wilts	clergy, historian	http://viaf.org/viaf/9856822
 Cripps_JM	m	John Marten Cripps	traveller, antiquary	http://viaf.org/viaf/31522761
 Croker_JW	m	John Wilson Croker, Member of Parliament	literary, politician	http://viaf.org/viaf/51766984
 Croly_G	m	George Croly	literary, clergy	http://viaf.org/viaf/17268011
 Cromwell	m	Cromwell Oliver, Lord Protector of the Commonwealth of England, Scotland, and Ireland Member of Parliament for Cambridge Member of Parliament for Huntingdon	military, government, political	http://viaf.org/viaf/34498004
 Cromwell_Hen	m	Henry Cromwell Henry Cromwell, Lord Lieutenant of Ireland Chancellor of Trinity College, Dublin	military, political	http://viaf.org/viaf/7276701
 Cropp_Mrs	f	Cropp Elizabeth, Croppy		
 Crowther_Mr	m	Mr. Crowther		
 Culpepper_Mr	m	William Alleyne Culpeper, William Alleyne Culpeper		
 Culpepper_Mrs	f	Martha Carteretta Cornelia Valpy Straker Culpeper, Valpy Straker Culpeper Martha Carteretta Cornelia, Mrs. Culpepper		
 Cumberland_J	m	Cumberland John	literary, publisher, editor	http://viaf.org/viaf/78373314
 Cumberland_Rich	m	Cumberland Richard	literary, playwright, civil servant, diplomat	http://viaf.org/viaf/76451457
 d_Aubigné_Françoise	f	d’Aubigné Françoise Marquise de Maintenon Madame Scarron	political, courtier, philanthropist, educator	http://viaf.org/viaf/95293754
 Dallas_RC	m	R.C. Dallas, Dallas Robert Charles Sir PC (Her Majesty’s Most Honourable Privy Council) SL (Serjeant-at-Law) KC (King’s Counsel) MP (Member of Parliament)	literary, biographer, editor, translator, legal, judge	http://viaf.org/viaf/25774123
 Dante	m	DurantedegliAlighieri, Dante, Dante Alighieri	literary, military, political	http://viaf.org/viaf/97105654
 Daphne_pet	f	Daphne		
 Davenport_MA	f	Harvey Davenport Mary Ann	actor, singer	http://viaf.org/viaf/63569766
 Davie_William	m	Davie William Three Mile Cross	beer retailer, butcher	
 de_Chaboulon	m	Pierre Alexandre Édouard Fleury deChaboulon	political	http://viaf.org/viaf/44411886
 Defoe_D	m	Daniel Defoe	literary	http://viaf.org/viaf/39375774
 deGenlis_Mme	f	Stéphanie Félicité de Genlis, Stéphanie Félicité du Crest de Saint-Aubin, Comtesse de Genlis, Madame de Genlis	literary, educator	http://viaf.org/viaf/71391471
 DeJoinville	m	Jean de Joinville, Jean de Joinville, knight	literary	http://viaf.org/viaf/59191609/
 Dekker_Thos	m	Dekker Thomas	literary, playwright, journalist	http://viaf.org/viaf/39402413
 delaMotte_F	m	Freidrich de la Motte, Friedrich Heinrich Karl de la Motte, Baron Fouqué	literary	http://viaf.org/viaf/44298932
 DeQuincey_Thos	m	de Quincey Thomas	literary, journalist	http://viaf.org/viaf/14768427
 deStael	f	Germaine de Staël, Anne Louise Germaine Necker de Staël-Holstein, Madame de Staël	literary	http://viaf.org/viaf/89204033
 Dibdin_TJ	m	Thomas John Dibdin, Dibdin Thomas John	literary, playwright, songwriter, actor, theatrical production designer	http://viaf.org/viaf/69673002
 Dickens	m	Dickens Charles John Huffam	literary, editor, novelist, journalist, essayist, lecturer	http://viaf.org/viaf/88666393
 Dickinson_Charles	m	Dickinson Charles, Mr. Dickinson		
 Dickinson_Daughter	f	Dickinson Frances Vikris		
 Dickinson_Grandmama	f	Grandmama Dickinson		
 Dickinson_Mrs	f	Mrs. Dickinson, Catherine Allingham Dickinson		
 Dickinson_Nurse	f	Dickinson Nurse		
 Dobbs_Mrs	f	Mrs. Dobbs, Dobbs		
 Doge_F_hist	m	Foscari Doge		
 Donato_hist	m	Donato Senator		
 Doria_Andrea	m	Andrea Doria, Andrea Doria, D’Oria	Condottiero, admiral, military	http://viaf.org/viaf/59091300
 Drake_Nathan	m	Nathan Drake, Dr. Drake, Nathan Drake, M.D.	medical, literary, essayist	http://viaf.org/viaf/15551790
 Drover_James	m	Drover James		
 Drover_Miss	f	Drover		
 Drover_Mr	m	Drover		
 Drover_Mrs	f	Drover		
 Drover_MrsJames	f	Drover		
 Drummond_Wm	m	William Drummond, Drummond William, Drummond of Hawthornden	literary, poet	http://viaf.org/viaf/6176613
 Dryden	m	Dryden John	literary, playwright	http://viaf.org/viaf/68937979
 Duke_Montrose	m	James Graham, Marquess of Graham, Graham James Marquess of Graham Duke of Montrose	political	http://viaf.org/viaf/51592900
 Duke_of_Devonshire	m	William George Spencer Cavendish 6th Duke of Devonshire Marquess of Hartington Lord Chamberlain of the Household Licenser of Plays President of Royal Horticultural Society Lord Lieutenant of Derbyshire	politician, courtier, ambassador, arts patron	http://viaf.org/viaf/25344590
 Dukinfield_Mr	m	Dukinfield, Henry Duckinfield		
 Duncan_MR	f	Maria Rebecca Davison, née Duncan, Davison Duncan Maria Rebecca, Miss Duncan, Mrs. Davison	actor	http://viaf.org/viaf/78999376
 Dundas_C	m	Charles Dundas, 1st Baron Amesbury, Member of Parliament for Berkshire	politician	http://viaf.org/viaf/56481343
 Edgeworth_Maria	f	Edgeworth Maria	literary, educator	http://viaf.org/viaf/71477273
 Elford_Eliz_da	f	Elizabeth Elford Adams		
 Elford_Elizabeth	f	Elford Adams Elizabeth		
 Elford_Grace	f	Grace Chard Elford, Miss Elford		
 Elford_J	m	Elford Jonathan, Member of Parliament for Westbury	politician, military	
 Elford_MrsC	f	Charlotte Wynne Elford, Mrs. Elford		
 Elford_MrsE	f	Hall Walrond Elford Elizabeth, Mrs. Elford		
 Elford_MrsM	f	Elford Davies Mary, Mrs. Elford		
 Elford_SirWm	m	Sir William Elford, Sir William Elford, F.R.S., F.L.S., M.P., Elford William Sir baronet Recorder for Plymouth Recorder for Totnes Member of Parliament for Plymouth Member of Parliament for Rye Fellow of the Royal Society (FRS) Fellow of the Linnaean Society (FLS)	legal, banker, politician, military, naturalist, painter	http://viaf.org/viaf/6415021
 ElizI	f	Elizabeth Tudor Queen Elizabeth I Queen of England, France and Ireland, Defender of the Faith, etc.		http://viaf.org/viaf/97107753
 Ellis_Hen	m	Sir Henry Ellis, Ellis Henry	diplomatist	
 Elliston_Robt	m	Robert Elliston, Elliston Robert William	actor, theater manager	http://viaf.org/viaf/3833089/
 Emery_John	m	Emery John	musician, actor	http://viaf.org/viaf/63571188
 Esther_Ozoro	f	Ozoro Esther, Esther		
 Euripides	m	Euripides	playwright, literary	http://viaf.org/viaf/265326651
 Fairfax_hist	m	Thomas Fairfax 3rd Lord Fairfax of Cameron Lord General of the New Model Army Member of Parliament for West Riding Member of Parliament for Yorkshire	politician, military	http://viaf.org/viaf/74654593
 Fawcett_John	m	Fawcett John, Mr. Fawcett	actor, literary, playwright	http://viaf.org/viaf/51958044
 Fearon_HB	m	Henry Bradshaw Fearon	literary, medical, traveller	
 Ferdinand_I	m	Ferdinand I King of the Two Sicilies, Ferdinand IV King of Naples King of Sicily	monarch	http://viaf.org/viaf/16073751
 FerdinandVII	m	Ferdinand VII King of Spain King of Spain	monarch	http://viaf.org/viaf/286447916
 Ferrier_Susan	f	Susan Edmonstone Ferrier	literary	http://viaf.org/viaf/64052998
 Fielding_Henry	m	Fielding Henry, Henry Fielding, Scriblerus Secundus	literary	http://viaf.org/viaf/61545697
 Fields_JT	m	Fields James Thomas	literary, poet, publisher, editor	http://viaf.org/viaf/1254825
 Fieschi_GL	m	Giovanni Luigi Fieschi Fiesco count of Lavagna		http://viaf.org/viaf/44439255
 Finden_Ed	m	Finden Edward Francis	literary, editor, artist, engraver, printmaker	
 Finden_Wm	m	Finden William	literary, editor, artist, engraver, printmaker	http://viaf.org/viaf/27339290
 Fisher_John	m	John Fisher, Bishop of Exeter, Bishop of Salisbury	clergy	
 Fitzharris	m	Fitzharris, Mr. Fitzharris		
 Fletcher_John	m	Fletcher John	literary, playwright	http://viaf.org/viaf/12323361
 Flush_pet		Flush		
 Foote_Maria	f	Maria Foote, Stanhope Foote Maria	actor	http://viaf.org/viaf/46598323
 Foote_Samuel	m	Foote Samuel	literary, playwright, actor, theater manager	http://viaf.org/viaf/29561715
 Forbes_Capt	m	Captain Forbes	theatre proprietor, military, legal	
 Ford_John	m	Ford John	literary, playwright, poet	http://viaf.org/viaf/44323561
 Foscari_son_hist	m	Jacopo Foscari, Foscari Jacopo		http://viaf.org/viaf/3833460
 Fox_ChasJ	m	Charles James Fox The Honourable Member of Parliament Leader of the House of Commons secretary of State for Foreign Affairs	politician	http://viaf.org/viaf/39462521
 Fox_HRV	m	Henry Richard Vassal Fox, 3rd Baron Holland, of Holland, 3rd Baron Holland, of Foxley, PC, Right Honourable Lord Holland, PC		http://viaf.org/viaf/39462521
 Frankland_Mrs	f	Mrs. Frankland, Frankland		
 Franklin_Ben	m	Benjamin Franklin	literary, printer, naturalist, ambassador, politician, postmaster	http://viaf.org/viaf/56609913
 Franklin_Eleanor	f	Porden Franklin Eleanor Anne	literary, poet	http://viaf.org/viaf/62276884
 Franklin_John	m	Sir John Franklin Royal Navy Fellow of the Royal Geographical Society Rear-Admiral Lieutenant-Governor of Van Dieman’s Land, now Tasmania	military, traveller, explorer, government	http://viaf.org/viaf/75094584
 Frere_JH	m	J.H. Frere, Frere John Hookham, Whistlecraft	diplomat, literary, editor	http://viaf.org/viaf/1141974
 Froissart	m	Jean Froissart, canon of Chimay, France	literary, court historian, clergy	http://viaf.org/viaf/100178580
 Fuseli_H	m	Henry Fuseli, Johann Heinrich Füssli	artist, literary	http://viaf.org/viaf/53061
 Fuseli_Sophia	f	Fuseli Rawlins Sophia		
 Garrick_David	m	Garrick David	actor, theater manager, literary, playwright	http://viaf.org/viaf/24563
 Gaskell_Eliz	f	Gaskell Stevenson Elizabeth Cleghorn	literary, biographer, novelist	http://viaf.org/viaf/39377536
 GastonII	m	Gaston II count of Foix		
 GastonIII	m	Gaston III count of Foix, Fébus		
 Geo_SpencerChurchill	m	George Spencer-Churchill, 6th Duke of Marlborough, Member of Parliament, Lord Lieutenant of Oxfordshire	patron of the arts, politician	http://viaf.org/viaf/93700565
 GeoIII	m	George III, George William Frederick King of Great Britain and King of Ireland King of the United Kingdom of Great Britain and Ireland		http://viaf.org/viaf/49264990
 GeoIV	m	George IV, King of the United Kingdom of Great Britain and Ireland, George Augustus Frederick, Prince Regent	monarch	http://viaf.org/viaf/265481029
 George	m	George		
 Gibbon_Edward	m	Edward Gibbon, Gibbon Edward, Member of Parliament	literary, historian, politician	http://viaf.org/viaf/24601933
 Gifford_William	m	William Gifford, Gifford William	literary, editor, politics	http://viaf.org/viaf/12297538
 Gillies_Rob		Gillies Robert Pearse		
 Godwin_Wm	m	William Godwin, William Godwin	literary, philosopher, journalist, novelist	http://viaf.org/viaf/68929729
 Goldsmith	m	Oliver Goldsmith	literary, physician	http://viaf.org/viaf/100167171
 Goodchild_J	m	Goodchild Joseph	farmer at Hill house farm, Three Mile Cross	
 Graham_Maria	f	Maria, Lady Callcott Callcott Graham Dundas Maria		http://viaf.org/viaf/41970133/
 Gray_Thos	m	Thomas Gray	literary	http://viaf.org/viaf/9889965
 Griffin_Rich	m	Richard Griffin, 2nd Baron Braybrooke, Lord Braybrooke	politician, literary	http://viaf.org/viaf/39732003
 Groby	m	Lord Grey of Groby, Grey Stamford Thomas, Lord Grey of Groby Earl of Stamford	military, politician	http://viaf.org/viaf/60510358
 Guiccioli_T		Teresa Guiccioli, Guiccioli Teresa Contessa	literary, biographer	http://viaf.org/viaf/44293835
 Gutch_John	m	John Gutch	clergyman, antiquarian, literary	http://viaf.org/viaf/79251745
 Halford_SrHen	m	Sir Henry St John Halford, Halford Henry St John Sir baronet, Vaughn Henry		http://viaf.org/viaf/22892749
 Hamilton_S	m	Hamilton Samuel, 	publisher, editor	http://viaf.org/viaf/4584459
 Handel	m	George Frideric Handel, George Frederick Handel, Georg Friedrich Händel	musician, composer	http://viaf.org/viaf/5126950
 Hanson_John	m	John Hanson		
 Hanson_MA	f	Mary Anne Hanson Portsmouth, Lady Portsmouth, Countess of Portsmouth		
 Harness_Mary	f	Mary Harness, Harness Mary		
 Harris_Henry	m	Henry Harris		
 Harrison_hist	m	Thomas Harrison, Thomas Harrison	military, politician, legal	http://viaf.org/viaf/69724297
 Hassall_Joan	f	Hassall Joan, Order of the British Empire Master of the Art Workers Guild	illustrator, wood engraver, artist	http://viaf.org/viaf/32139090
 Hatch_John	m	Hatch John		
 Havard_Wm	m	Havard, William William Havard	literary, poet, playwright, actor	
 Hawley_GeneralSr	m	General Hawley		
 Hawley_Mr	m	Mr. Hawley		
 Hawthorne_N	m	Nathaniel Hawthorne, Nathaniel Hawthorne	literary, novelist, essayist	http://viaf.org/viaf/44435463
 Haydn	m	Franz Joseph Hadyn, Joseph Haydn	musician, composer	http://viaf.org/viaf/95146280
 Haydon	m	Haydon Benjamin Robert		
 Haydon_Father	m	Benjamin Robert Haydon Haydon Robert Benjamin		
 Haydon_Mother	f	Mrs. Sarah Haydon Cobley Haydon Sarah		
 Haydon_Mrs	f	Mary Hyman, Mary Haydon, Haydon Hyman Cawse Mrs. Haydon Mary		
 Hazlitt_Wm	m	William Hazlitt, Hazlitt William	literary, essayist, biographer, artist, painter	http://viaf.org/viaf/87145187
 Hearne_Thos	m	Thomas Hearne, Thomas Hearn	antiquarian, literary	http://viaf.org/viaf/29543710
 Heath_C		Heath Charles Theodosius		
 Heath_J		Heath James		
 Heber_Rich	m	Richard Heber Heber Richard, Member of Parliament for Oxford University	literary, political	http://viaf.org/viaf/5314321
 Hemans_Felicia	f	Felicia Hemans, Hemans Browne Felicia	literary, poet, playwright	http://viaf.org/viaf/17397168
 Henry_V	m	Henry V, Harry, Henry Plantagenet, King of England and of France and Lord of Ireland	monarch	http://viaf.org/viaf/284333410
 HenryVI	m	Henry VI, King of England and of France and Lord of Ireland King of England, Heir and Regent of France and Lord of Ireland		http://viaf.org/viaf/96926832
 Hervey_Wm	m	Frederick William Hervey, Lord Hervey, 5th Earl of Bristol, Marquess of Bristol	military, politics, philanthrophist, scientist	
 Hessey_J	m	Hessey James Augustus, J. A. Hessey		
 Hill_Charles	m	Hill Charles	schoolmaster	
 Hill_Lucy	f	Hill Sweatser Lucy	servant	
 Hobbes	m	Thomas Hobbes	literary, philosopher	http://viaf.org/viaf/59083895
 Hobhouse_JC	m	John Cam Hobhouse, John Cam Hobhouse, 1st Baron Broughton	politician	http://viaf.org/viaf/56611273
 Hofland_B	f	Hofland Wreaks Barbara	literary	
 Hofland_TC	m	Thomas Christopher Hofland, Hofland Thomas Christopher	artist	
 Hogarth	m	William Hogarth, Hogarth William	artist	http://viaf.org/viaf/17268409
 Hogg_J	m	Hogg James, the Ettrick Shepherd		
 Holcroft_Thos	m	Thomas Holcroft, Thomas Holcroft	literary, playwright, novelist, journalist	http://viaf.org/viaf/56644486
 Holden_Henry		Dr. Holden, Holden Henry	theologian	
 Holford_Marg_younger	f	Margaret Holford Hodgson, Miss Holford, Margaret Hodgson	literary	http://viaf.org/viaf/42187522
 Holton_Paul	m	Holton Paul	wine and spirits merchant at Wokingham	
 Homer	m	Homer		http://viaf.org/viaf/101739509
 Hood_Thos	m	Thomas Hood, Hood Thomas	literary	
 Horace	m	Horace, Quintus Horatius Flaccus	"poet"&gt;, "memoirist"&gt;, "theorist"&gt;	
 Howard_John	m	John Howard	philanthrophist, reformer	http://viaf.org/viaf/61639520
 Howard_SirRob	m	Robert Sir Robert Howard Howard	playwright, politician	http://viaf.org/viaf/117377
 Howard_Tho	m	Thomas Howard, Thomas Howard fourth duke of Norfolk	nobility	
 HowardBrenton	m	Howard Brenton, Howard Brenton	playwright	
 HughPeters	m	Hugh Peters, Hugh Peters	minister, chaplain	
 Hugo_Victor	m	Hugo Victor	literary	
 hume	m	David Hume, David Hume	philosopher, "philosopher"&gt;, "historian"&gt;, "librarian"&gt;	http://viaf.org/viaf/49226972/
 Hume_Jos	m	Joseph Hume, Hume Joseph	government	
 Hunt	m	James Henry Leigh Hunt, Leigh Hunt	literary	http://viaf.org/viaf/54166412
 Hunt_Robert	m	Robert Hunt	literary	
 Ingoldsby	m	Sir Richard Ingoldsby Richard, Lord Ingoldsby Richard Ingoldsby	warrior, Regicide, politician	
 Ireton_hist	m	Henry Ireton, Henry Ireton	jurist, lawyer, warrior	
 Irving_Wash	m	Washington Irving, Geoffrey Crayon	literary, diplomat	http://viaf.org/viaf/295999941
 Jackson_Mr	m	Mr. Jackson, Jackson Mr.	medical, surgeon	
 James_Emily	f	James Emily	education	
 James_Miss	f	Miss James, Elizabeth Mary James, Elizabeth Mary James		
 James_Mrs	f	Haycock James Susan Susannah, Mrs. James		
 James_oldPretender	m	James Francis Edward Stuart, Prince of Wales, the Pretender, the old Pretender		http://viaf.org/viaf/2446184
 James_Susan	f	Susan James, James Susan Susy Deane		
 JamesI	m	James I	monarch	
 JamesII	m	James II King of England and Ireland, James VII King of Scotland	monarch	
 Jerrold_Doug	m	Jerrold Douglas William	literary	
 Jesus	m	Jesus		
 John_Apostle	m	John the Apostle, John the Evangelist, Saint John		
 Johnson	m	Johnson, Samuel Samuel Johnson	literary	
 Johnson_Miss	f	Johnson, Miss Johnson		
 Johnson_Mr	m	Johnson John, John Johnson, esq., Mr. Johnson, the Junius of Marlow, Timothy Trueman		
 Johnson_Mrs	f	Johnson		
 Johnstone_CI	f	Johnstone M'Leish Todd Christian Isobel, Dods Margaret, Aunt Jane	literary	
 Johnstone_Jack	m	Johnstone John Jack	actor	
 Jones_Thomas	m	Jones Thomas	saddler at Three Mile Cross	
 Jonson_B	m	Ben Jonson, Benjamin Jonson		
 Jordan_Dorothea	f	Jordan Dorothea	actor	
 Julius_Caesar	m	Gaius Julius Caesar		
 Junius	m	Lucius Junius Brutus, Junius, Consul of the Roman Republic	politician, literary	http://viaf.org/viaf/296192012
 Kean_Edmund	m	Kean Edmund	actor	
 Keats	m	Keats John	literary	
 Keep_Harriet	f	Keep Harriet	servant	
 Keep_William	m	Keep? William	bootmaker	
 Kemble_C	m	Kemble Charles		
 Kemble_Frances	f	Frances Anne Kemble, Kemble Frances Anne Fanny, Fanny Kemble	actor, literary	
 Kemble_JP	m	John Phillip Kemble, Kemble John Phillip	actor	
 Kemble_MrsC	f	Maria Therese de Camp Kemble, Kemble de Camp Maria Therese, Mrs. Charles Kemble, Miss deCamp	actor, literary	
 Kettle_Dr	m	Ralph Kettle, Dr. Ralph Kettle, Head of Trinity College	clergy, educator	
 King_Wm	m	William King, Dr. William King, William King, LL.D., Principal of St. Mary’s Hall, Oxford	academic, literary, orator	http://viaf.org/viaf/20543801
 Kirby_Benjamin	m	Kirby Benjamin, Ben		
 Kirby_Joseph	m	Kirby Joseph		
 Knowles_Sheridan	m	James Sheridan Knowles, Knowles James Sheridan	actor, literary	
 Kotzebue	m	August von Kotzebue, von Kotzebue August	literary	
 Lady_Fairfax_hist	f	, Anne, Lady Fairfax, Anne Vere Fairfax	politician, prisoner of war	
 Lamb_Caro	f	Ponsonby Lamb Caroline Lady	literary	
 Lamb_Chas	m	Lamb Charles		
 Lamb_Mary	f	Mary Lamb, Lamb Mary	author	
 Landon_LE	f	Landon Maclean Laetitia Elizabeth	literary	
 Lane_Wm	m	William Lane Lane William	publisher	
 Lavater_Johann	m	Johann Kaspar Lavater, Lavater Johann Kaspar	author	
 LeCamus_Antoine	m	Antoine Le Camus	literary, medical	http://viaf.org/viaf/66776769
 Lediard_John	m	Lediard John	servant	
 Lee_Nath	m	Nathaniel Lee	literary, playwright	http://viaf.org/viaf/66475782
 Lewington_Mr	m	Lewington, &gt;Mr. Lewington		
 Lewis_William_Thomas	m	William Thomas Lewis, Lewis William Thomas	actor	
 Leyden_John	m	John Leyden	linguist, physician, poet	http://viaf.org/viaf/54362232
 Liston_John	m	Liston John	actor	
 Liston_SarahT	f	Liston Tyrer Sarah, Sarah Liston, Mrs. John Liston, Miss Tyrer, Sarah Tyrer		
 Lock_Mr	m	Mr. Lock, Lock Edward, Mr. Lock		
 Lockhart_JG	m	Lockhart John Gibson, John Gibson Lockhart	journalist, editor, literary	
 Lorrain_Cl	m	Claude Lorrain, Claude Gellée, dit le Lorrain	artist	http://viaf.org/viaf/54156251
 Lucetti	m	Lucetti		
 Macartney_Geo	m	Sir George Macartney, Macartney George	diplomat, colonial governor	
 Macpherson_J	m	James Macpherson, Seumas MacMhuirich, Seumas Mac a’ Phearsain	literary, politican	http://viaf.org/viaf/100201047
 Macready_Laetitia	f	Laetitia Macready, Macready Laetitia		http://viaf.org/viaf/90499055
 Macready_Wm	m	Macready William	actor	
 Magnay_C	m	Christopher Magnay, Lord Mayor of London	merchant, government	
 Mahomet	m	Mahomet		
 Malthus_Thomas	m	Malthus Thomas, Malthus Thomas Robert		http://viaf.org/viaf/71154/
 Malton_Mr	m	Malton, Mr. Malton	solicitor	
 Margaret_Anjou	f	Margaret of Anjou, Margaret Marguerite de Anjou Queen Consort of England	Queen	
 Mariam_Tecla	m	Tecla Mariam or Haseb Nanya, Mariam		
 Marie_Antoinette	f	Maria Antonia Josepha Johanna, Marie Antoinette, Queen of France, Archduchess Maria Antonia of Austria, Dauphine of France, Queen consort of France and Navarre, Queen consort of the French		http://viaf.org/viaf/96583693
 Marlowe_Chris	m	Marlowe Christopher	literary	
 Marriott_John	m	John Marriott, Rev. John Marriott, A.M.	clergy	
 Marriott_Mr	m	Mr. Marriott		
 Marsh_Henry		Marsh Henry		
 Marsham_Robt	m	Marsham Robert		
 Martin_Lucy	f	Martin Lucy	beer retailer	
 MaryII	f	Mary II Sovereign of England, Scotland, and Ireland	monarch	
 MaryQoS	f	Queen Mary, Mary Stuart		
 Massinger_Phil	m	Massinger Philip	literary	
 Mast_pet		Mast		
 Master_Betty	m	William Henry West Betty, Master Betty	actor	
 Matthews_George	m	Matthews George	schoolmaster	
 Maturin_Charles	m	Charles Maturin	clergy, literary	http://viaf.org/viaf/100248595
 Maurice_Mr	m	Mr. Maurice		
 May_J	m	James May		
 May_William	m	May William		
 McLeod_John	m	John McLeod, McLeod/MacLeod John	naval surgeon, author	
 Melville		Herman Melville, Melville Herman	literary, novelist, poet, educator, sailor, administrator	
 Merry_William	m	Merry William Esquire		
 Michael_Ras	m	Ras Michael		
 Michelangelo	m	Michelangelo, Michelangelo di Lodovico Buonarroti Simoni, Simoni Michelangelo di Lodovico Buonarroti	artist	
 Millington	m	Gilbert Millington, Gilbert Myllington, Gilbert Millington Member of Parliament for Nottingham		
 Milman_HH	m	Henry Hart Milman		
 Milner_John		John Milner		
 Milton	m	Milton, John John Milton	literary	
 Miranda_pet	f	Miranda		
 Mitford_Geo	m	George Mitford Esq., George Midford	surgeon, medical, magistrate, legal	
 Moliere	m	Molière, Poquelin Jean-Baptiste	theater, playwright, actor	
 Molly_pet		Molly		
 Monck_JB	m	John Berkeley Monck		
 Monck_Mrs	f	Mary Stephens Monck, Mrs. Monck		
 Montagu	m	Sir Edward Montagu, Earl of Sandwich, Edward Montagu	politician, warrior, naval officer, Earl of Sandwich	
 Montague_Captain	m	Montague	naval officer	
 Montague_MW	f	Mary Wortley Pierrepont Montague, Lady Mary Wortley Montague	literary	http://viaf.org/viaf/7394587
 Moore_DrJ	m	Moore John M.D.	literary, physician	
 Moore_Thos	m	Thomas Moore	literary	http://viaf.org/viaf/24616222
 More_Hannah	f	Hannah More, More Hannah	literary, playwright, novelist, philanthropist, educator	http://viaf.org/viaf/51802053
 Morpeth_GH	m	George Howard, Viscount Morpeth, 6th Earl of Carlisle (third creation), Lord Privy Seal under George IV and Canning, Lord Privy Seal under William IV and Melbourne		http://viaf.org/viaf/67996986
 Morton_Thos	m	Morton Thomas		
 Mossy_pet		Mossy		
 Mozart	m	Johannes Chrysostomus Wolfgangus Theophilus Mozart, Wolfgang Amadeus Mozart	musician, composer	http://viaf.org/viaf/32197206
 MRM	f	Mitford Mary Russell	literary, gardener, playwright	http://viaf.org/viaf/19709107
 MRM_maledog_pet	m			
 Mrs_Hall	f	Hall		
 Mudie_Rob	m	Robert Mudie		
 Munden_Joseph_Shepherd	m	Joseph Shepherd Munden, Munden Joseph Shepherd	actor	
 Murray_John	m	John Murray II		http://viaf.org/viaf/88737799
 Napoleon	m	Bonaparte Napoleon		http://viaf.org/viaf/106964661
 Nelson		Horatio Nelson, Nelson Horatio Admiral 1st Viscount Nelson 1st Duke of Bronté Royal Navy		http://viaf.org/viaf/76324981/
 Newberry_J	m	Jacob Newberry	solicitor	
 Newman_but	m	Newman	butler, service	
 Nicholls_John	m	John Nicholls		
 Nicholson_Jeremiah	m	Nicholson Jeremiah	clergy	
 Nicholson_Mrs	f	Nicholson unknown	vicar’s wife, clergy	
 Nooth_C	f	Nooth Charlotte		http://viaf.org/viaf/72121073
 Northmore_Thos	m	Northmore Thomas	Politician, Geologist, Writer	
 Nott_GeorgeFr		Nott George Frederick		
 OHara_Kane	m	O’Hara Kane	playwright, musician	
 OKeefe	m	O’Keefe O’Keeffe John	literary, actor	
 ONeill_Eliz	f	O’Neill Elizabeth	actor	
 Orger_MA	f	Mary Ann Orger, Orger Ivers Mary Ann	actor	
 Otway_Thos	m	Otway Thomas	literary	
 Ovid	m	Publius Ovidius Naso, Ovid	literary, poet, orator	http://viaf.org/viaf/88342447
 Owenson_S	f	Sydney Owenson, Lady Morgan	literary	http://viaf.org/viaf/107533016
 Palmer_CF	m	Charles Fyshe Palmer, Palmer Charles Fyshe, Long Fyshe	politician	
 Palmer_Mad	f	Madelina Gordon Sinclair Palmer, Palmer Sinclair Gordon Madelina Madalina the Lady, Lady M.P., Lady Mad., Lady Madelina Palmer		
 Palmerston_HJT	m	HenryJohn Temple Palmerston, Viscount Henry John Temple Palmerston, Prime Minister of the United Kingdom		http://viaf.org/viaf/51698419
 Parfitt_Jos	m	Joseph Parfitt		
 Parfitt_Sarah	f	Sarah Parfitt		
 Patmore_PG	m	Peter George Patmore	literary, essayist, editor, biographer	http://viaf.org/viaf/57356529
 Patty	f	Patty More research needed.		
 Payn_Mr	m	Payn, Mr. Payn		
 Peacock_TL	m	Thomas Love Peacock	literary, East India company official	#http://viaf.org/viaf/17239611
 Peel_Rbt	m	Robert Peel, Robert Peel, Sir Robert Peel, Prime Minister of the United Kingdom	politician	http://viaf.org/viaf/64803600
 PembrokeI	m	William Herbert, 1st Earl of Pembroke, tenth creation, 1st Baron Herbert of Cardiff	military, courtier	
 Percy_Thos	m	Thomas Percy, chaplain to George III, Dean of Carlisle Cathedral, Bishop of Dromore	clergy, literary, antiquarian	http://viaf.org/viaf/68971787
 Petrarch	m	Petrarca Francesco, Petrarch	literary, scholar	
 Philips_Mr	m	Mr. Philips	miller	
 Phillips_Chas	m	Charles Phillips	literary, barrister, judge	
 Pitt_Chris	m	Christopher Pitt	literary	http://viaf.org/viaf/56965872
 Pitt_Geo	m	George Pitt, 2nd Baron Rivers, Member of Parliament		
 PittWm_younger	m	William Pitt, The Honourable William Pitt, William Pitt the younger, Prime Minister of the United Kingdom, Prime Minister of Great Britain, Chancellor of the Exchequer		http://viaf.org/viaf/72190413
 Pius7_Pope	m	Pope Pius VII, Chiaramonti Barnaba Niccolò Maria Luigi	religion	
 Pliny_Elder	m	Pliny the elder		http://viaf.org/viaf/100219162
 Plumer_Thos	m	Thomas Plumer, Sir Thomas Plumer, Vice Chancellor of England, Master of the Rolls	legal, judge, politician	http://viaf.org/viaf/77800408
 Plutarch	m	Plutarch	philosopher, literary, essayist, biographer	
 Poole_J	m	Poole John	literary, playwright	
 Pope_Alex	m	Pope Alexander	literary	
 Pope_Jane	f	Pope Jane	actor	
 Porter_AM	f	L’Allegra, Anna Maria Porter, Porter Anna Maria		http://viaf.org/viaf/39730902/
 Portsmouth_JCW	m	John Charles Walopp Portsmouth, 3rd Earl of Portsmouth, Lord Portsmouth, Viscount Lymington		http://viaf.org/viaf/315626747
 postman_TMC	m	The Three Mile Cross postman (in 1821)		
 Potter_R	m	Robert Potter, Potter Robert Rev. Potter Rev. Robert Potter	literary, clergy	
 Praed_Winthrop	m	Praed Winthrop	literary, government	
 Price_Stephen	m	Price Stephen	theater manager	
 Princess_E_hist	f	Elizabeth Stuart, Elizabeth Stuart	princess, prisoner of war	
 Procter_BW	m	Bryan Waller Procter, Barry Cornwall	literary, poet, playwright, biographer	http://viaf.org/viaf/27855302
 Pulci	m	Luigi Pulci	literary, diplomat	http://viaf.org/viaf/71453100
 Quayle_Mr	m	Mr. Quayle, Mr. Quale		
 Queen_Anne	f	Queen Anne		http://viaf.org/viaf/805714
 Queen_Caroline	f	Caroline Queen Consort of the United Kingdom, Caroline of Brunswick, Caroline Amelia Elizabeth of Brunswick-Wolfenbüttel, Princess of Wales		http://viaf.org/viaf/264655824
 Racine	m	Racine Jean-Baptiste	literary, playwright	http://viaf.org/viaf/88809641
 Radcliffe_Ann	f	Radcliffe Ward Ann	literary	http://viaf.org/viaf/64010774
 Raleigh_Wal	m	Walter Raleigh, Sir Walter Raleigh	literary, political, military, courtier	http://viaf.org/viaf/107533796
 Raphael	m	Raphael, Raffaello Sanzio da Urbino		
 Rapley_John1	m	Rapley John Jack		
 Rapley_John2	m	Rapley John		
 Reeve_Mrs	f	Reeve, Mrs. Reeve		
 Rembrandt	m	Rembrandt, van Rijn Harmenszoon Rembrandt	artist, painter, printmaker	http://viaf.org/viaf/64013650/
 Reynolds_JH	m	John Hamilton Reynolds	literary	http://viaf.org/viaf/79365644
 RichardI	m	Richard I King of England Duke of Normandy Duke of Aquitaine Count of Anjou		
 RichardII	m	Richard the 2nd, Richard II, King of England, Lord of Ireland, Duke of Aquitaine		http://viaf.org/viaf/262479505
 RichardIII	m	Richard III King of England, Richard of Gloucester		
 Richardson_H	m	Henry Kemp Richardson		
 Richardson_Sam	m	Samuel Richardson	literary, printer	http://viaf.org/viaf/41845728
 Rienzo_hist	m	Cola di Rienzo Tribune of Rome	scholar, politics	
 Ritchie_AnneT	f	Ritchie Thackeray Anne Isabella, Lady Ritchie	literary, novelist, editor, biographer	http://viaf.org/viaf/59122454
 Rivers_Lord	m	William Horace Pitt-Rivers, 3rd Baron Rivers, fourth creation, Horace Beckford	aristocrat, gambler	
 Robertson_William	m	William Robertson, William Robertson, Fellow of the Royal Society of Edinburgh Fellow of the Society of Antiquaries of Scotland Doctor of Divinity minister of the Church of Scotland King’s Chaplain Chaplain of Stirling Castle Principal of the University of Edinburgh	literary, historian, antiquarian, clergy, educator	http://viaf.org/viaf/59177542
 Robins_Geo	m	Robins George Henry	auctioneer, theatre patron	
 Robinson_H	m	Robinson Henry Crabb		
 Rogers_Sam	m	Samuel Rogers	literary	http://viaf.org/viaf/34584260
 Rousseau	m	Jean-Jacques Rousseau Jean-Jacques Rousseau	literary, political, educator	 http://viaf.org/viaf/10018405
 Rowden_Fr	f	Fanny Rowden, Mrs. Rowden, Rowden St. Quentin Frances Arabella	educator	http://viaf.org/viaf/57349006
 Roworth_Mary	f	Mary Valpy Roworth, Miss Valpy, Valpy Roworth Mary Ann Catherine		
 Rubens	m	Peter Paul Rubens Sir	artist, painter, printmaker, courtier, diplomat	http://viaf.org/viaf/56647196
 Russell_Lady	f	Rachel Wriothesley Russell, Rachel Wriothesley, Lady Russell		http://viaf.org/viaf/822823
 Russell_M	f	Mitford Russell Mary, Mrs. Mitford		http://viaf.org/viaf/19709107
 Russell_MaryDicker	f	Russell Dicker Mary, Mrs. Russell		
 Russell_Richard	m	Russell Richard Reverend Dr., Rev. Dr. Richard Russell	clergy	
 Rutt_John	m	John Towill Rutt, Rutt John Towill	politician, literary	http://viaf.org/viaf/25384099
 Sackville_Chas	m	Charles Sackville, 6th Earl of Dorset, 1st Earl of Middlesex		http://viaf.org/viaf/210233935
 Salisbury_hist	m	William Cecil, Lord Salisbury, William Cecil	politician	
 Say_hist	m	William Say, William Say	politician, Minister of Parliament for Camelford	
 Schiller_F	m	Johann Christoph Friedrich von Schiller, von Schiller Johann Christoph Friedrich	literary	
 Scott_John	m	John Scott, John Scott	literary, editor	
 Scott_John_LdEldon	m	John Scott, 1st Earl of Eldon, Lord Chancellor of Great Britain	politician, legal	http://viaf.org/viaf/20543801
 Scott_Wal	m	Scott, Walter Walter Scott	literary, government	
 Sedgwick_Cath	f	Catherine Maria Sedgwick		
 Selim_pet	m	Selim		
 Serle_TJ	m	Thomas James Serle	actor, theatre manager, literary	
 Sevigne_Mad	f	Marie de Rabutin-Chantal de Sévigné, Marquise de Sévigné, Madame Sévigné	literary	http://viaf.org/viaf/32002865
 Seward_Martha	f	Martha Seward		
 Sforza_hist	m	Sforza		
 Shakespeare	m	Shakespeare William	literary	
 Sheffield_John	m	John Sheffield, 1st Duke of Buckingham and Normanby, Lord Mulgrave		http://viaf.org/viaf/7818454
 Shelley_MW	f	Mary Wollstonecraft Godwin Shelley		
 Shelley_PB	m	Percy Bysshe Shelley, Shelley Percy Bysshe		
 Shepherd_HJ	m	Henry John Shepherd Member of Parliament for Shaftesbury	legal, politician	http://viaf.org/viaf/41401709
 Sheridan_RichardB	m	Sheridan Richard Brinsley	literary	
 Sherwood_Mr	m	Sherwood Thomas	doctor	
 Siddons_Sarah	f	Kemble Siddons Sarah	actor	
 Sinclair_SrJohn	m	Sir John Sinclair, Sinclair John Sir baronet		
 Skerrett_Marianne	f	Skerrett Marianne		
 Sloman_Mrs	f	Sloman	actor	
 Smith_Ad	m	Adam Smith, Head of Moral Philosophy, the University of Glasgow, Doctor of Laws (LL.D.), Lord Rector of the University of Glasgow		http://viaf.org/viaf/49231791
 Smith_Horace	m	Horace Smith, Smith Horace, Smith Horatio		
 Smollett_Tob	m	Smollett, Tobias Tobias George Smollett	literary, medical	
 Soane_G	m	George Soane		
 Soane_Geo	m	George Soane, G. Soane, A.B.	literary	http://viaf.org/viaf/315673958
 Sophocles	m	Sophocles		
 Southey_R	m	Robert Southey, Poet Laureate of England	literary, poet, historian, biographer, essayist	http://viaf.org/viaf/61576896
 Spence_Jos	m	Joseph Spence	clergy, literary, garden designer	http://viaf.org/viaf/56625623
 Spenser_Edmund	m	Edmund Spenser, Edmund Spenser	literary	http://viaf.org/viaf/100170015
 Staunton_Geo	m	Sir George Staunton, Staunton George	physician, diplomat	
 Steele_Richard	m	Sir Richard Steele, Steele Richard	essayist, playwright, politician	
 Strafford	m	Thomas Wentworth, Earl of Strafford, Thomas Wentworth	politician	
 Strong_Elizabeth	f	Strong Elizabeth	baker	
 Strong_George	m	Strong George	bricklayer, beer retailer	
 Sunderland_Countess	f	Dorothy Sidney Spencer Smythe, Countess of Sunderland, Sacharissa		http://viaf.org/viaf/67997458
 Swan_Mr	m	Mr. Swan		
 Swift_J	m	Jonathan Swift, Dean of St Patrick’s Cathedral, Dublin, Dean Swift, Lemuel Gulliver, Isaac Bickerstaff, M.B. Drapier	literary, clergy	http://viaf.org/viaf/14777110
 Talbot_Geo	m	George Talbot the Sixth Earl of Shrewsbury		
 Talfourd_Mrs	f	Rachael Rutt Talfourd, Talfourd Rutt Rachel, Mrs. Thomas Talfourd		
 Talfourd_Thos	m	Thomas Noon Talfourd, Talfourd Thomas Noon	legal, barrister, pleader, jurist, literary, journalist, playwright	http://viaf.org/viaf/61904095
 Talma_Francois	m	Francois Joseph Talma, Talma Francois Joseph	dentist, actor	
 Tasso	m	Tasso Torquato	literary, poet, courtier	http://viaf.org/viaf/4936996/
 Taylor_J	m	John Taylor		
 Taylor_Jer	m	Jeremy Taylor	clergy, literary	http://viaf.org/viaf/329566831
 Taylor_JH	m	Taylor James Henry	clergy	
 Taylor_John	m	John Taylor		
 Taylor_K	f	Taylor Kerenhappuch, K.		
 Thackeray_TJ	m	Thomas James (T.J.) Thackeray	musician	
 Thelwall_John	m	Thelwall John	literary, journalism, education	
 Thomson_Hugh	m	Thomson Hugh	illustrator, artist	http://viaf.org/viaf/67819160
 Tichburne_hist	m	Robert Tichborne, Robert Tichborne	warrior, Mayor of London	
 Tierney_SrMat	f	Sir Matthew Tierney, Tierney Matthew John Sir baronet		
 Tindal_Mrs_Acton	f	Tindal Harrison Henrietta Euphemia, Butler Diana		
 Titian	m	Tiziano Vecelli, Tiziano Vecellio, Titian	artist	http://viaf.org/viaf/109266837
 Tobin_John	m	Tobin John		
 Traill_James	m	James Traill		
 Trollope_Fr	f	Trollope Milton Frances	literary, essayist, novelist	http://viaf.org/viaf/34551336
 Tubb_Daniel	m	Tubb Daniel Individual identified in the Shinfield parish register by Francis Needham whose name may have been used by Mitfordfor several Our Village characters, including "Dr. Tubb" . Source: Francis Needham, letter to William Roberts, 16 January 1954, NeedhamPapers, Reading Central Library.		
 Tully_Miss	f	Tully, Miss Tully	literary	
 Valpy_Catherine	f	Valpy French Catherine Elizabeth Blanch		
 Valpy_John	m	Valpy Abraham John, Abraham John Valpy	literary, printer, publisher	http://viaf.org/viaf/13082604
 Valpy_Miss	f	Valpy		
 Valpy_Penelope	f	Valpy French Penelope Arabella, Penelope Arabella Valpy, Penelope Valpy French		
 Valpy_Richard	m	Valpy Richard Doctor of Divinity (DD) Fellow of the Society of Antiquaries (FSA), Dr. Valpy	educator, literary, clergy	http://viaf.org/viaf/50434313
 Vanbrugh	m	Sir John Vanbrugh, Vanbrugh John	playwright, architect	
 Vane_hist	m	Henry Vane, Henry Vane	politician, Governor of the Massachusetts Bay Colony	
 Vestris_L	f	Lucia Elizabeth Vestris, Vestris Lucia Elizabeth		https://viaf.org/viaf/6093005
 Victoria_Queen	f	Victoria Queen of the United Kingdom Empress of India, Alexandrina Victoria Hanover	monarch	
 Villiers_Geo	m	George Villiers, 2nd Duke of Buckingham, 20th Baron de Ros of Helmsley	poet, politician	http://viaf.org/viaf/41858327
 Vines_Mr	m	Mr. Vines		
 Virgil	m	Publius Vergilius Maro, Virgil	literary	http://viaf.org/viaf/8194433
 Voltaire	m	Voltaire François-Marie Arouet		
 Wakefield_D	m	Wakefield Daniel	barrister	
 Walker_CE	m	Charles Edward Walker	literary, playwright	http://viaf.org/viaf/118236637
 Walker_John	m	John Walker	scientist	http://viaf.org/viaf/13719124
 Walker_P	m	Walker Peter		
 Wallace_William	m	William Wallace, Wallace William		
 Wallack_Mr	m	Wallack		
 Waller_Edmund	m	Edmund Waller	poet, politician	http://viaf.org/viaf/47109686
 Walpole_Hor	m	Horace Walpole, 4th Earl of Orford (second creation), Member of Parliament for Callington, Member of Parliament for Castle Rising, Member of Parliament for King’s Lynn	literary, antiquarian, politician	http://viaf.org/viaf/17231985
 Walton_I	m	Izaak Walton		http://viaf.org/viaf/73863052
 Warde_Mr	m	Prescott James Warde, James Prescott Warde, Mr. Warde	actor	
 Warry_Jos2	m	Warry Joseph	bootmaker, shoemaker	
 Washington_Geo	m	George Washington, General Washington, President of the United States of America	military, politician	http://viaf.org/viaf/31432428
 Watteau_Wil	m	Watteau, Jean-Antoine Jean-Antoine Watteau	artist	
 Webb_Eliza	f	Webb Eliza Elizabeth		
 Webb_James	m	Webb James	brewer at Wokingham	
 Webb_Jane	f	Webb Jane Eleanor, Jane Eleanor Webb		
 Webb_John	m	John Webb		
 Webb_Mary_elder	f	Webb Mary		
 Webb_Mary_younger	f	Webb Mary Elizabeth, Mary Elizabeth Webb		
 Webster_John	m	Webster John		
 Wellington_Duke	m	Wellesley Arthur Field Marshal First Duke of Wellington, The Iron Duke		
 Weyland_John	m	Weyland John, Mr. Weyland		
 Whateley_Elijah	m	Whateley Elijah	wheelwright, carpenter	
 Wheeler_Kate	f	Kate Wheeler, Miss Wheeler		
 WhiteGilbert	m	Gilbert White	Curate, writer, naturalist, botanist	
 whitekitten_WEpet		White kitten, Selima, Grizzy		
 Whittaker_Geo	m	Whittaker George Byrom	literary, publisher, editor, bookseller	http://viaf.org/viaf/66790637
 Whittaker_WB	m	Whittaker William Budd	literary, publisher, editor	
 Wilkie_Wil	m	Wilkie, William William Wilkie	literary, farmer, clergy	
 WilliamIII	m	William III King of England and Ireland, William II King of Scotland, Stadtholder Willem III van Oranje, William of Orange, King Billy	monarch	
 WilliamIV	m	William IV King of the United Kingdom of Great Britain and Ireland, and King of Hanover William Hanover	monarch	
 Willis_David	m	Willis David		
 Willis_John	m	Willis John	blacksmith	
 Willis_NP		Nathaniel Parker Willis, Willis Nathaniel Parker	literary, journalist, editor, poet, publisher, lecturer	http://viaf.org/viaf/189826
 Willis_Thomas	m	Willis Thomas	blacksmith	
 Wilmot_John	m	John Wilmot, 2nd Earl of Rochester		http://viaf.org/viaf/34465786
 Wilson_John	m	John Wilson, John Wilson of Elleray, FRSE, Professor of Moral Philosophy, University of Edinburgh, Christopher North		http://viaf.org/viaf/47566585
 Wilson_RT	m	Sir Robert Thomas Wilson, Wilson Thomas Robert Sir	military, government	
 WindsorEE_ed	m	Windsor "paper man"		
 Wordsworth_Dor	f	Dorothy Wordsworth		
 Wordsworth_Wm	m	Wordsworth William	literary	
 Young_CM	m	Charles Mayne Young, Young Mayne Charles	actor	
 Young_Ed	m	Edward Young	literary, clergy	http://viaf.org/viaf/49252592
 Young_Mr	m	Young, Mr. Young	doctor, medical	
